year,gender,group,Smoke,CSmoke,ESmoke,SmokeD20,SmokeH10,Qsmoke,EcSmoke,EcuSmoke,EverAlc,NowAlc,RiskAlc,RiskAlcNow,AlcBuy,AlcTry,PactH3,PactW5,StudyPactWD,NStudyPactWD,StudyPactWE,NStudyPactWE,SkipEat,FruitEat,FastEat,SparklingEat,SweetEat,ObRate,OverOb,LossOb,GainOb,KeepOb,DistOb,Stress,DepreStress,SuiStress,SuiPStress,SuiTStress,SleepAvg,Sleep5,Sleep56,Sleep67,Sleep78,Sleep8,SatiSleep,ExpSex,SexTr,DiagAsthmaatopic,DiagRhinitisatopic,DiagDermatitisatopic
2014,male,all,28.4,14.0,7.5,8.8,3.2,71.3,14.5,8.1,48.4,20.5,9.5,46.1,47.8,77.0,48.7,19.2,387.3,145.8,193.2,258.7,28.2,20.8,16.5,32.3,41.7,8.5,8.0,23.1,9.7,10.3,21.3,30.8,22.2,11.0,4.2,2.3,6.6,11.3,20.0,24.3,24.2,20.2,31.8,7.3,68.4,10.4,32.1,20.6
2014,male,1_middle,9.1,2.2,0.2,0.4,0.1,67.7,2.5,0.9,26.2,5.6,0.5,8.4,6.5,27.3,56.6,22.2,313.7,145.5,152.4,238.6,26.9,26.3,13.8,28.9,37.1,6.8,8.3,22.8,8.0,13.8,22.2,26.8,17.3,9.4,4.1,2.4,7.7,1.9,4.3,13.4,32.0,48.5,47.8,4.5,80.2,11.4,30.2,20.4
2014,male,2_middle,16.7,6.0,1.2,1.7,0.8,74.7,6.0,2.8,32.3,8.8,1.3,14.8,13.6,46.6,57.0,22.9,316.5,153.3,152.4,265.6,26.4,25.3,15.4,30.7,38.8,7.1,8.0,21.6,8.5,11.8,21.6,26.7,19.0,10.2,4.1,2.2,7.4,2.7,6.5,16.4,36.5,37.9,43.4,3.4,74.3,11.4,30.8,20.3
2014,male,3_middle,27.8,11.7,5.0,6.2,2.0,73.5,12.3,6.8,41.3,14.9,4.6,30.7,36.5,63.5,53.9,21.7,325.9,161.8,155.3,273.5,29.2,22.6,16.0,33.8,40.1,9.1,7.7,21.5,9.2,10.6,19.9,29.5,21.8,11.4,4.7,2.7,7.1,3.9,9.6,23.7,35.7,27.1,35.9,5.0,70.1,10.3,31.7,21.3
2014,male,1_high,34.2,16.8,8.3,10.2,3.4,73.0,17.4,10.4,51.4,21.9,9.2,41.9,45.8,76.8,43.0,15.5,439.8,131.0,203.9,264.7,26.6,17.8,16.3,31.5,43.2,9.6,8.0,22.3,11.0,9.2,19.2,30.4,21.7,10.0,3.9,2.1,6.1,12.8,28.6,33.1,19.0,6.5,22.9,6.4,68.2,10.2,33.1,21.5
2014,male,2_high,38.7,21.0,12.5,14.4,5.4,70.3,22.1,12.8,63.8,32.4,17.6,54.3,54.6,83.9,44.2,18,430.5,145.5,194.0,269.4,30.3,17.0,18.7,34.6,44.7,8.6,8.3,24.8,10.5,8.4,21.4,33.1,25.4,12.0,4.0,2.2,5.9,16.2,31.7,30.6,16.2,5.3,22.0,9.5,64.6,9.6,33.6,20.6
2014,male,3_hig,41.0,24.5,16.4,18.5,6.7,69.5,24.4,13.7,71.7,37.0,22.0,59.3,60.5,87.1,39.1,15.2,480.5,138.3,292.5,238.7,29.3,16.9,18.6,33.6,45.3,9.5,7.9,25.2,11.0,8.5,23.4,37.5,27.5,12.4,4.3,2.3,5.5,26.8,34.2,25.9,9.7,3.4,21.6,14.3,54.8,9.9,32.6,19.1
2014,male,middleschool,18.2,6.8,2.2,2.9,1.0,73.3,7.1,3.6,33.5,9.9,2.2,21.9,24.2,53.0,55.8,22.3,318.9,153.9,153.4,260.0,27.5,24.7,15.1,31.2,38.7,7.7,8.0,21.9,8.6,12.0,21.2,27.7,19.4,10.4,4.3,2.4,7.4,2.8,6.9,18.0,34.8,37.4,42.2,4.2,74.7,11.0,31.0,20.7
2014,male,highschool,38.0,20.8,12.4,14.4,5.2,70.7,21.3,12.3,62.3,30.5,16.3,53.4,54.9,83.7,42.1,16.2,450.4,138.3,230.4,257.6,28.7,17.2,17.9,33.3,44.4,9.2,8.1,24.1,10.8,8.7,21.3,33.7,24.9,11.5,4.1,2.2,5.8,18.7,31.5,29.8,14.9,5.1,22.2,10.1,62.5,9.9,33.1,20.4
2014,female,all,10.6,4.0,1.8,2.2,0.9,71.4,3.3,1.5,37.0,12.6,6.3,49.9,40.6,77.5,24.6,8,506.9,149.2,237.5,271.6,28.9,23.4,14.5,19.1,34.4,5.2,7.9,45.1,1.6,11.3,35.6,43.7,31.6,15.4,4.7,3.6,6.1,18.9,25.4,25.3,19.9,10.4,20.5,3.2,75.5,7.8,33.4,27.7
2014,female,1_middle,3.6,1.1,0.0,0.1,0.0,60.7,0.9,0.2,19.3,4.2,0.7,17.5,10.7,36.9,34.5,10.3,413.9,150.6,186.0,260.4,27.2,29.6,13.4,21.5,34.7,4.3,8.0,41.6,2.6,14.9,25.8,38.2,27.4,17.0,6.3,5.2,7.2,4.5,9.1,22.1,35.7,28.6,31.4,2.4,84.6,8.2,29.2,25.9
2014,female,2_middle,6.2,2.1,0.5,0.7,0.6,71.7,1.8,1.0,22.7,6.1,2.0,33.3,19.3,47.9,30.4,8.7,429.4,164.6,192.1,291.8,27.7,26.4,14.3,19.9,32.7,5.0,8.2,47.2,2.4,12.2,31.2,39.4,30.3,16.6,5.5,4.4,6.8,7.6,13.5,28.2,32.0,18.7,25.2,2.1,79.7,8.5,30.5,27.4
2014,female,3_middle,9.8,3.7,1.3,1.8,0.8,74.4,3.0,1.4,30.2,9.3,3.7,39.9,31.1,70.9,28.7,10,442.7,165.3,194.5,286.4,30.8,26.3,14.9,19.5,33.1,4.4,7.2,49.4,1.3,11.4,35.0,41.2,31.8,16.2,5.4,4.1,6.5,9.9,19.8,29.5,29.0,11.8,22.5,2.3,78.6,8.1,35.0,29.0
2014,female,1_high,13.0,5.4,2.7,3.2,1.3,70.8,4.3,2.3,40.0,14.1,7.3,51.3,40.7,78.1,18.7,5.8,572.2,137.0,249.0,273.2,28.8,19.9,13.5,17.3,33.6,5.1,7.1,45.2,1.4,10.8,40.3,43.2,30.2,13.4,3.9,2.9,5.6,24.7,35.8,26.9,9.9,2.8,13.1,2.7,74.1,7.8,34.7,29.8
2014,female,2_high,14.3,5.5,2.9,3.5,1.2,71.8,4.5,2.0,47.9,18.3,10.0,54.7,45.2,82.5,19.5,7.4,564.2,141.5,247.8,275.7,29.6,19.5,14.5,18.3,35.0,5.9,7.9,46.9,0.9,9.5,39.7,47.3,32.7,14.5,3.7,2.7,5.6,26.2,35.6,24.9,10.4,2.9,15.8,3.5,74.8,7.2,34.2,27.7
2014,female,3_hig,15.8,5.9,3.1,3.5,1.3,71.4,4.7,1.9,58.6,21.9,13.0,59.0,51.1,87.6,17.7,6,599.1,137.8,345.4,241.8,29.1,19.5,16.1,18.4,37.4,6.2,8.9,40.2,1.1,9.7,40.2,52.1,36.4,14.8,3.8,2.5,5.3,36.5,34.2,20.5,7.0,1.8,16.7,5.7,62.5,7.3,36.0,26.3
2014,female,middleschool,6.6,2.3,0.7,0.9,0.5,71.5,1.9,0.9,24.2,6.6,2.2,33.4,23.3,56.9,31.1,9.6,429.2,160.5,191.1,280.2,28.6,27.3,14.2,20.2,33.4,4.6,7.8,46.2,2.0,12.8,30.9,39.6,29.9,16.6,5.7,4.5,6.8,7.4,14.4,26.8,32.1,19.3,26.2,2.3,80.8,8.3,31.6,27.5
2014,female,highschool,14.4,5.6,2.9,3.4,1.3,71.4,4.5,2.1,48.9,18.2,10.1,55.6,46.4,83.5,18.6,6.4,578.5,138.8,280.7,263.6,29.2,19.6,14.7,18.0,35.3,5.7,8.0,44.1,1.1,10.0,40.1,47.6,33.1,14.2,3.8,2.7,5.5,29.2,35.2,24.0,9.1,2.5,15.2,4.0,70.5,7.4,35.0,27.9
2015,male,all,25.3,11.9,6.0,7.3,2.1,71.5,15.9,6.2,46.3,20.0,9.6,48.2,43.9,79.7,50.8,20.5,399.2,143.0,201.7,254.3,26.9,22.5,16.0,35.3,45.5,8.8,8.6,22.7,11.2,10.6,20.1,29.6,19.7,9.6,3.6,2.0,6.6,10.3,19.2,24.5,24.0,22.0,33.3,7.0,71.0,10.1,33.2,20.7
2015,male,1_middle,5.6,1.3,0.1,0.2,0.1,65.5,2.5,0.8,24.5,5.5,0.3,5.2,8.4,31.2,59.6,23,323.6,142.5,158.9,238.2,26.3,28.0,12.7,28.9,38.7,6.2,9.7,23.2,9.4,13.5,22.3,25.3,16.0,8.3,3.5,2.2,7.8,1.5,4.6,12.9,28.7,52.3,50.3,4.3,82.9,9.6,31.6,20.5
2015,male,2_middle,14.2,4.4,1.2,1.6,0.6,69.3,8.6,3.0,28.7,8.1,1.4,16.7,16.6,56.3,60.4,24,332.2,156.8,159.9,265.2,26.1,27.5,13.9,34.8,43.1,7.8,8.7,21.9,10.5,12.8,19.5,27.3,16.0,9.0,3.2,1.9,7.5,2.5,5.5,17.5,33.1,41.4,46.5,3.2,77.4,10.7,32.5,20.0
2015,male,3_middle,20.7,7.8,2.5,3.3,1.1,74.6,13.7,4.7,36.6,11.9,4.1,34.2,27.0,67.7,57.4,24.7,335.7,158.0,158.8,263.7,27.2,25.2,16.1,36.3,43.5,8.2,8.5,22.3,11.1,10.7,18.4,27.2,18.4,9.8,4.1,2.1,7.2,3.1,8.6,22.4,33.7,32.1,39.2,3.9,73.7,11.0,32.2,21.3
2015,male,1_high,30.6,13.8,6.2,7.7,2.5,73.2,19.8,7.3,49.5,22.1,10.6,47.9,44.1,78.6,45.1,18.2,445.1,133.7,217.2,259.7,27.2,20.2,17.6,36.1,48.5,9.0,8.7,21.6,11.3,9.3,19.5,29.0,20.4,9.3,3.2,1.7,6.2,12.8,26.0,31.9,21.2,8.2,23.6,6.7,68.4,10.3,34.6,21.1
2015,male,2_high,36.6,18.9,11.0,13.1,3.4,72.7,23.2,8.9,63.2,31.9,16.9,53.1,50.1,85.4,46.0,17.9,452.9,133.8,212.2,260.0,27.4,17.9,16.2,36.3,49.3,9.6,9.2,24.2,12.4,9.2,19.6,32.2,21.8,10.6,3.5,1.7,6.0,14.5,28.9,31.6,18.1,6.9,24.2,9.7,70.8,9.4,34.4,21.6
2015,male,3_hig,38.2,22.0,13.2,15.5,4.5,69.1,23.7,11.1,68.0,35.7,21.5,60.2,53.4,86.8,39.7,16,480.4,134.6,288.5,236.8,27.2,18.3,18.4,37.7,47.9,11.1,7.3,22.8,11.9,9.1,21.8,35.2,24.2,10.4,3.8,2.2,5.7,22.5,34.1,26.1,12.9,4.3,21.1,13.0,56.1,9.4,33.3,19.5
2015,male,middleschool,14.1,4.8,1.4,1.8,0.7,72.3,8.8,3.0,30.4,8.8,2.1,23.5,20.4,58.1,59.0,24,331.0,153.1,159.2,256.7,26.6,26.8,14.4,33.7,42.0,7.5,8.9,22.4,10.4,12.2,19.9,26.7,16.9,9.1,3.6,2.0,7.5,2.4,6.4,18.0,32.1,41.0,44.9,3.8,77.6,10.5,32.1,20.6
2015,male,highschool,35.2,18.3,10.1,12.2,3.5,71.4,22.3,9.1,60.3,30.0,16.4,54.7,50.0,84.4,43.5,17.3,459.6,134.1,239.6,252.1,27.3,18.8,17.4,36.7,48.6,9.9,8.4,22.9,11.8,9.2,20.3,32.2,22.1,10.1,3.5,1.9,6.0,16.7,29.7,29.8,17.3,6.4,23.0,9.8,65.0,9.7,34.1,20.7
2015,female,all,8.8,3.2,1.4,1.7,0.6,72.1,3.7,1.5,34.9,13.1,7.0,53.6,38.6,81.8,23.8,7.4,510.8,150.4,244.6,275.1,28.9,23.3,13.5,20.8,37.9,6.1,8.4,42.2,1.7,11.7,34.7,41.7,27.8,13.9,4.1,3.0,6.2,17.6,25.1,25.5,20.2,11.6,22.2,2.8,75.9,7.5,33.3,28.1
2015,female,1_middle,2.5,0.5,0.1,0.1,0.1,68.5,1.1,0.4,16.2,3.5,0.5,14.7,8.0,46.1,33.0,9.3,414.2,156.5,189.7,268.5,27.9,29.5,12.2,20.3,34.4,4.7,8.4,41.1,3.0,15.1,24.8,35.8,23.9,14.3,5.1,4.2,7.2,4.3,10.0,19.8,33.9,32.1,35.3,2.4,86.3,8.1,28.1,24.1
2015,female,2_middle,5.5,1.9,0.3,0.5,0.4,72.3,2.6,1.0,22.0,5.9,1.5,25.4,19.6,61.4,32.4,9.2,439.2,168.8,192.8,298.4,28.7,27.3,13.0,21.6,36.7,5.2,7.6,44.0,2.2,12.8,30.3,38.2,26.5,15.3,4.6,3.9,6.9,6.6,13.6,26.7,31.7,21.4,29.4,1.6,82.3,7.9,31.5,26.3
2015,female,3_middle,7.5,2.5,0.8,1.1,0.7,70.3,3.0,1.4,25.3,7.9,3.4,42.7,26.5,70.9,27.8,8.4,437.9,164.9,199.1,289.7,28.5,26.1,13.5,21.6,36.1,4.3,7.4,45.8,1.8,11.8,34.1,37.0,27.2,14.0,4.2,3.0,6.6,8.0,18.9,29.0,29.1,15.0,25.2,1.9,79.0,8.0,33.5,28.6
2015,female,1_high,10.2,3.9,1.9,2.2,0.8,73.5,4.1,1.7,34.7,12.7,7.3,57.5,39.5,81.5,16.4,5.2,566.2,137.7,257.1,279.0,29.2,19.8,12.9,19.9,38.2,6.9,8.3,41.3,1.2,10.8,38.8,43.6,27.5,13.7,3.5,2.8,5.7,22.3,32.8,28.8,12.4,3.6,15.0,2.2,75.0,7.4,33.9,30.8
2015,female,2_high,12.3,4.2,2.0,2.5,0.7,74.6,5.2,1.9,49.9,22.7,13.3,58.6,40.4,82.9,20.0,7.4,575.9,142.9,261.3,276.1,29.9,19.7,15.3,20.8,39.7,6.8,8.5,44.9,1.2,10.2,39.4,45.7,30.0,13.7,3.7,2.2,5.6,24.6,33.8,26.5,12.2,2.8,16.3,3.6,76.4,6.7,35.9,29.7
2015,female,3_hig,13.2,5.3,2.9,3.1,0.9,70.4,5.7,2.3,54.7,22.7,13.9,60.9,48.2,89.7,16.5,5.5,596.7,135.8,345.6,241.8,28.9,19.2,13.9,20.6,41.5,8.3,9.9,36.2,1.0,10.4,38.7,48.0,30.5,12.7,3.7,2.0,5.4,33.2,35.3,21.4,7.8,2.3,15.7,4.6,60.1,7.0,35.5,28.3
2015,female,middleschool,5.4,1.7,0.4,0.6,0.4,70.9,2.3,1.0,21.5,5.9,1.9,32.2,21.0,64.3,30.8,8.9,431.4,163.8,194.2,286.4,28.4,27.5,13.0,21.2,35.8,4.7,7.7,43.8,2.3,13.1,30.1,37.1,26.0,14.5,4.6,3.7,6.9,6.5,14.6,25.6,31.3,22.0,29.5,1.9,82.2,8.0,31.3,26.5
2015,female,highschool,11.9,4.5,2.3,2.6,0.8,72.6,5.0,2.0,46.6,19.4,11.5,59.3,43.3,85.4,17.6,6,579.9,138.8,288.9,265.2,29.3,19.5,14.0,20.4,39.8,7.3,8.9,40.8,1.1,10.5,39.0,45.8,29.4,13.4,3.7,2.3,5.6,26.9,34.0,25.5,10.8,2.9,15.6,3.5,70.4,7.0,35.1,29.6
2016,male,all,21.9,9.6,4.9,5.9,2.1,70.0,13.4,3.8,43.5,17.2,8.5,49.1,41.3,71.8,49.4,18.8,407.4,138.7,209.0,254.6,27.3,22.9,17.9,32.5,42.8,11.1,8.9,23.0,10.8,11.1,20.1,30.5,20.9,9.5,3.8,2.0,6.6,11.2,20.5,24.9,23.2,20.3,32.1,6.3,69.2,10.3,34.5,21.3
2016,male,1_middle,4.5,1.0,0.0,0.2,0.1,65.0,2.1,0.6,22.8,4.4,0.2,4.3,5.5,21.3,58.1,21.9,316.3,141.0,158.6,248.5,25.3,30.8,15.5,29.8,39.1,9.9,8.8,24.4,8.6,14.6,20.9,27.8,16.4,9.2,3.7,1.7,7.7,2.0,4.6,13.1,29.7,50.6,48.2,3.3,81.7,11.4,33.0,21.9
2016,male,2_middle,11.0,3.3,0.6,0.9,0.4,73.8,5.3,1.5,27.0,6.8,1.1,16.6,13.7,41.4,59.0,22.1,335.5,153.7,159.7,270.4,27.2,27.4,16.0,33.1,41.4,9.0,9.3,21.8,9.7,12.7,19.5,28.1,17.4,9.2,3.9,1.9,7.4,2.8,6.5,17.8,33.3,39.6,43.8,2.8,75.8,10.2,32.9,21.5
2016,male,3_middle,17.8,6.0,2.3,2.9,1.4,73.6,11.4,2.7,34.4,10.9,3.7,33.7,27.9,58.2,57.5,24.1,339.7,151.1,158.2,270.4,27.5,25.9,18.3,34.3,41.7,10.5,8.7,23.3,10.8,11.7,18.3,28.5,20.5,9.8,3.7,2.1,7.1,4.4,10.7,23.0,33.2,28.7,37.4,3.9,73.6,11.1,35.0,21.0
2016,male,1_high,26.0,11.0,4.7,5.9,2.2,75.3,16.5,4.2,46.8,19.3,8.6,44.7,40.8,70.4,45.9,16.6,462.8,128.7,224.5,257.9,26.2,19.8,18.2,32.7,44.7,11.3,8.5,22.7,11.5,10.1,18.8,29.9,21.4,9.7,3.7,2.1,6.1,12.9,28.0,32.3,19.7,7.1,23.0,5.7,66.5,10.6,35.4,21.8
2016,male,2_high,30.6,14.1,7.6,9.1,3.0,70.4,19.3,5.4,56.4,25.9,14.3,55.3,44.0,77.9,42.5,15.7,454.0,134.2,229.1,254.0,28.7,17.8,18.3,33.0,45.0,12.9,8.9,23.7,12.4,9.8,21.0,32.4,23.0,9.5,4.0,2.2,6.0,14.9,30.3,31.2,18.1,5.5,24.8,8.1,68.6,9.7,35.5,21.1
2016,male,3_hig,35.6,19.1,12.4,14.3,4.8,65.4,21.7,7.3,65.2,30.9,19.3,62.5,52.5,81.9,37.9,14.1,494.0,129.0,298.6,230.0,28.4,18.7,20.1,31.8,44.0,12.5,9.1,22.3,11.2,9.0,22.0,34.9,24.8,9.7,4.0,2.2,5.6,24.2,33.6,26.9,11.0,4.4,21.8,12.4,53.5,9.2,34.4,20.4
2016,male,middleschool,11.4,3.5,1.0,1.4,0.6,72.9,6.5,1.6,28.3,7.5,1.7,23.2,19.6,46.2,58.2,22.7,330.8,148.7,158.8,263.3,26.7,27.9,16.7,32.5,40.8,9.8,8.9,23.2,9.8,13.0,19.5,28.1,18.2,9.4,3.8,1.9,7.4,3.1,7.4,18.2,32.1,39.1,42.9,3.3,76.9,10.9,33.7,21.5
2016,male,highschool,30.7,14.7,8.2,9.7,3.3,69.5,19.1,5.7,56.1,25.3,14.0,55.5,46.6,77.7,42.1,15.5,470.4,130.6,250.7,247.3,27.8,18.7,18.9,32.5,44.6,12.2,8.8,22.9,11.7,9.6,20.6,32.4,23.1,9.6,3.9,2.2,5.9,17.4,30.6,30.1,16.2,5.6,23.2,8.7,62.8,9.9,35.1,21.1
2016,female,all,7.1,2.7,1.0,1.3,0.6,70.4,3.3,1.1,33.6,12.5,6.5,52.3,40.0,73.3,24.9,7,519.5,148.1,259.5,270.4,29.3,23.5,15.4,21.2,39.8,6.1,8.7,40.2,1.8,12.9,33.3,44.9,30.5,14.9,4.3,2.7,6.0,20.3,27.0,24.3,18.4,10.1,19.0,2.8,74.8,7.8,36.6,29.4
2016,female,1_middle,1.4,0.5,0.0,0.1,0.1,64.7,0.7,0.3,15.3,3.1,0.4,13.1,9.6,31.3,37.4,9.6,417.5,152.3,199.0,266.1,26.7,30.3,14.3,21.4,38.2,4.7,8.0,38.0,3.2,16.9,25.7,37.9,24.4,14.5,5.2,3.6,7.1,5.1,10.9,22.5,32.6,28.9,30.7,2.0,84.0,8.8,33.4,26.2
2016,female,2_middle,4.1,1.3,0.2,0.3,0.1,75.9,1.7,0.4,18.7,4.9,1.4,28.8,17.2,46.8,34.4,9,446.2,165.6,199.1,296.4,29.4,28.1,14.6,24.3,39.6,5.2,8.5,43.3,2.6,14.6,28.5,39.9,28.5,15.4,4.9,3.5,6.7,7.8,16.0,26.6,30.9,18.7,24.9,1.4,80.8,7.8,33.5,27.4
2016,female,3_middle,5.9,2.1,0.7,1.0,0.3,73.0,3.0,1.0,24.5,8.3,3.7,44.8,30.6,61.6,31.2,8.4,445.7,166.2,202.8,291.0,30.8,25.1,15.5,22.3,37.5,4.3,8.3,44.3,1.8,13.6,31.5,40.7,29.8,14.6,4.5,3.1,6.4,10.3,20.1,31.1,26.9,11.5,21.5,1.4,77.5,8.2,36.6,29.9
2016,female,1_high,8.0,2.9,0.9,1.1,0.5,65.9,3.8,1.3,33.9,13.6,7.8,57.4,42.3,76.7,17.2,5.2,582.6,137.4,288.3,273.2,28.7,21.0,15.7,20.4,40.4,6.9,7.9,38.4,1.3,12.4,35.6,45.9,29.6,14.3,3.9,2.3,5.5,27.3,35.2,24.3,10.3,2.9,12.5,2.5,75.4,7.6,36.9,30.0
2016,female,2_high,10.4,4.3,1.8,2.2,0.9,72.8,4.7,1.7,46.8,18.7,10.5,56.1,43.3,78.0,17.0,5.4,573.7,141.9,277.4,273.0,29.8,19.8,15.7,20.1,40.8,6.8,8.7,41.7,1.3,10.5,36.7,49.8,33.9,16.3,4.0,2.2,5.5,28.4,35.4,23.4,10.1,2.7,13.7,3.2,73.2,7.3,39.5,32.0
2016,female,3_hig,11.2,4.3,2.1,2.6,1.3,69.0,5.0,1.8,55.2,22.6,12.9,57.0,46.2,79.4,17.2,5.4,606.2,132.2,359.1,230.1,29.7,19.4,16.5,19.2,41.9,8.3,10.4,36.1,1.0,10.8,39.6,52.3,35.0,14.4,3.5,2.0,5.3,34.9,37.0,19.0,6.7,2.4,14.4,5.7,61.1,7.3,38.4,29.7
2016,female,middleschool,3.9,1.3,0.3,0.5,0.2,72.8,1.9,0.6,19.7,5.5,1.9,34.6,23.1,51.4,34.2,9,436.7,161.5,200.4,284.6,29.1,27.7,14.8,22.6,38.4,4.7,8.3,42.0,2.5,15.0,28.6,39.5,27.7,14.8,4.8,3.4,6.7,7.8,15.9,26.9,30.0,19.4,25.6,1.6,80.6,8.3,34.6,27.9
2016,female,highschool,9.8,3.8,1.6,2.0,0.9,69.6,4.5,1.6,45.2,18.3,10.4,56.8,44.2,78.3,17.2,5.3,587.6,137.1,308.4,258.7,29.4,20.1,15.9,19.9,41.0,7.3,9.0,38.7,1.2,11.2,37.3,49.3,32.9,15.0,3.8,2.2,5.5,30.2,35.8,22.2,9.0,2.7,13.5,3.8,69.9,7.4,38.2,30.6
2017,male,all,20.1,9.5,4.6,5.6,2.1,68.9,11.6,3.3,44.0,18.2,8.8,48.5,42.7,66.6,49.6,19.5,405.2,146.6,212.5,259.4,30.1,21.6,21.6,40.2,49.8,12.3,9.5,24.0,12.0,11.3,19.4,30.4,20.3,9.4,3.5,2.0,6.5,12.3,20.8,24.7,22.4,19.7,31.0,7.1,73.6,9.8,35.7,22.1
2017,male,1_middle,4.0,1.0,0.1,0.2,0.1,68.4,1.8,0.3,24.1,5.0,0.4,9.1,4.2,13.7,60.0,23.2,330.9,149.6,151.6,253.4,28.1,28.7,17.2,34.8,43.9,10.2,9.4,23.7,11.5,15.2,20.2,25.5,15.7,7.1,2.9,1.7,7.7,2.1,5.3,14.0,28.3,50.4,49.0,2.3,85.8,9.1,33.7,20.2
2017,male,2_middle,10.5,4.3,1.1,1.5,0.7,68.4,4.9,1.9,30.6,8.4,2.1,25.5,24.8,47.0,57.0,22.8,346.5,161.4,163.0,280.7,29.0,25.8,19.7,41.1,48.8,10.6,9.9,24.5,10.8,12.9,20.1,29.1,19.3,10.5,4.2,2.4,7.3,3.5,8.6,18.8,32.3,36.9,40.4,4.0,80.8,10.8,32.8,21.0
2017,male,3_middle,17.0,6.8,2.4,3.3,1.5,77.1,8.7,2.8,34.6,11.9,4.1,34.1,33.6,57.5,57.0,24.5,347.1,156.0,167.3,275.2,31.7,24.1,22.3,42.6,49.4,11.7,9.2,22.8,12.2,11.6,19.1,29.4,20.6,10.2,4.5,2.5,7.0,4.4,11.5,24.7,32.7,26.7,36.0,5.2,76.0,10.2,35.8,22.8
2017,male,1_high,22.7,10.4,4.5,5.4,1.8,72.2,13.2,2.9,44.9,18.6,8.3,44.8,40.9,63.5,45.0,17.1,453.0,131.5,232.4,253.6,29.1,19.4,22.1,40.0,53.2,13.1,8.9,23.4,12.5,10.1,17.8,27.8,19.2,8.3,2.7,1.4,6.1,14.7,27.6,30.6,19.8,7.2,23.0,7.0,72.0,10.4,37.0,22.3
2017,male,2_high,28.6,14.4,7.4,8.9,3.3,68.9,17.6,4.8,57.5,28.7,15.3,53.4,47.6,75.7,43.8,16.4,452.2,142.2,237.1,260.3,32.0,17.7,23.2,42.0,51.3,13.6,9.8,25.4,13.1,9.6,18.7,33.4,22.1,10.1,3.5,1.9,5.9,18.4,29.2,30.0,16.4,6.2,22.5,9.8,72.1,9.8,36.1,23.3
2017,male,3_hig,32.2,16.8,10.1,11.9,4.4,64.3,19.7,6.2,63.5,30.8,18.7,60.6,51.0,75.9,39.5,15.3,467.1,143.0,294.9,238.4,30.3,16.5,23.8,40.2,51.0,14.0,9.8,23.7,11.6,9.3,20.6,35.4,23.6,10.2,3.6,2.1,5.6,24.0,34.2,26.4,11.4,3.9,21.1,12.1,58.9,8.7,38.0,22.3
2017,male,middleschool,10.5,4.1,1.2,1.7,0.8,73.3,5.1,1.7,29.8,8.5,2.2,26.4,25.0,44.7,58.0,23.5,341.6,155.7,160.7,269.9,29.6,26.2,19.7,39.5,47.4,10.8,9.5,23.7,11.5,13.2,19.8,28.0,18.5,9.3,3.9,2.2,7.3,3.4,8.5,19.3,31.1,37.8,41.8,3.9,80.8,10.0,34.1,21.3
2017,male,highschool,28.0,13.9,7.4,8.8,3.2,67.8,16.9,4.7,55.6,26.2,14.3,54.4,47.5,73.0,42.7,16.2,457.5,139.1,255.3,250.8,30.5,17.8,23.1,40.8,51.8,13.6,9.5,24.2,12.4,9.7,19.0,32.3,21.7,9.6,3.3,1.8,5.9,19.2,30.4,28.9,15.7,5.7,22.2,9.7,67.6,9.6,37.0,22.7
2017,female,all,6.8,3.1,1.2,1.5,0.7,72.6,2.8,0.9,36.1,13.7,7.6,55.4,40.7,68.0,24.0,7.5,504.7,155.6,251.6,274.6,33.0,22.9,19.3,26.7,44.2,7.6,8.6,42.5,2.2,12.6,32.4,44.6,30.3,15.0,4.3,3.2,6.0,21.0,26.2,24.5,17.7,10.5,18.7,3.1,78.9,7.7,35.9,28.4
2017,female,1_middle,1.5,0.5,0.1,0.1,0.1,75.8,0.7,0.2,16.9,3.3,0.7,19.7,11.6,20.6,33.9,9.4,419.1,156.3,181.2,272.8,30.3,29.8,16.1,25.7,40.7,5.9,8.7,40.8,3.6,17.4,25.2,36.8,24.4,13.4,4.4,3.5,7.1,5.5,11.8,22.1,31.0,29.6,31.0,0.9,89.0,6.7,31.0,24.3
2017,female,2_middle,4.4,2.0,0.2,0.5,0.2,75.9,1.9,0.7,22.5,6.8,2.3,34.3,22.1,50.3,32.4,9.1,449.1,170.6,206.1,300.6,32.4,26.9,17.4,28.5,43.1,5.4,7.8,45.4,2.8,13.7,28.7,42.5,30.0,18.4,6.3,4.5,6.7,8.7,16.8,28.4,28.1,17.9,24.0,1.8,84.7,7.6,32.5,27.0
2017,female,3_middle,5.8,2.8,0.9,1.2,0.5,73.0,2.4,1.0,28.2,10.0,4.9,48.6,35.6,59.9,29.7,9.7,446.7,170.7,212.4,300.4,34.2,25.0,20.2,28.3,42.7,6.3,7.7,46.8,2.0,12.4,32.1,42.5,32.1,17.3,5.5,3.8,6.4,11.5,21.6,30.0,25.1,11.8,21.0,2.4,79.7,8.5,34.9,29.4
2017,female,1_high,7.6,3.3,1.2,1.7,0.5,78.5,3.1,1.0,36.2,14.3,7.8,54.4,46.8,71.4,19.1,6,552.3,144.6,273.6,266.7,32.2,20.5,19.4,25.5,46.6,8.3,7.7,43.2,1.9,11.6,35.1,44.5,29.2,13.0,3.0,2.4,5.5,28.5,33.8,24.0,10.3,3.3,12.1,2.5,77.0,7.6,36.5,28.4
2017,female,2_high,9.5,4.5,2.1,2.6,1.3,67.9,4.0,1.2,48.5,21.1,13.3,63.2,43.1,73.6,18.0,6.6,549.7,153.1,268.7,275.4,35.3,19.2,21.8,27.7,45.6,8.8,9.0,43.1,1.5,10.9,36.0,49.3,33.1,15.1,3.7,3.1,5.5,30.0,32.3,23.9,10.2,3.5,13.5,4.4,78.3,8.2,39.3,30.5
2017,female,3_hig,10.5,4.4,2.0,2.5,1.2,71.7,3.9,1.1,56.2,22.7,13.8,60.6,44.6,74.8,15.2,5.2,575.0,143.6,338.6,240.2,33.3,18.5,20.1,25.0,45.5,9.8,10.5,36.7,1.8,10.8,35.9,49.7,32.2,13.3,3.7,2.5,5.3,34.0,35.4,20.1,7.9,2.6,14.1,5.7,68.0,7.6,39.7,30.1
2017,female,middleschool,3.9,1.8,0.4,0.6,0.2,74.4,1.7,0.6,22.5,6.7,2.6,39.0,27.1,49.0,32.0,9.4,438.4,165.9,200.0,291.4,32.3,27.2,17.9,27.5,42.2,5.9,8.1,44.4,2.8,14.5,28.6,40.6,28.9,16.4,5.4,3.9,6.7,8.6,16.8,26.9,28.0,19.7,25.3,1.7,84.4,7.6,32.8,26.9
2017,female,highschool,9.3,4.1,1.8,2.3,1.0,72.0,3.7,1.1,47.3,19.5,11.8,60.1,44.6,73.6,17.4,5.9,559.1,147.2,294.1,260.7,33.6,19.4,20.5,26.1,45.9,9.0,9.1,41.0,1.7,11.1,35.7,47.9,31.6,13.8,3.5,2.7,5.5,30.9,33.8,22.7,9.4,3.1,13.2,4.3,74.4,7.8,38.5,29.7
2018,male,all,21.1,9.4,4.9,5.9,2.2,71.5,12.3,4.1,46.4,18.7,9.1,48.9,34.4,75.1,50.7,20.3,386.0,181.9,215.0,290.1,32.2,20.8,22.7,41.9,53.6,13.4,9.8,24.9,11.7,11.6,17.9,32.0,21.1,9.6,3.3,2.2,6.5,12.8,20.2,24.6,22.0,20.3,28.7,7.6,77.0,9.7,35.8,21.2
2018,male,1_middle,5.7,1.1,0.2,0.2,0.1,78.1,1.6,0.4,25.6,5.2,0.5,8.7,5.6,25.2,59.1,23.7,297.5,185.7,144.2,280.1,31.6,26.7,17.9,36.4,45.7,10.6,10.2,26.4,10.2,13.7,19.9,28.4,16.2,7.7,2.6,1.8,7.8,2.0,5.1,13.3,27.8,51.8,47.2,1.8,86.7,8.6,31.7,17.3
2018,male,2_middle,11.8,4.2,1.0,1.4,0.5,80.5,5.7,1.7,31.5,8.9,2.2,24.3,17.0,49.8,56.6,23.7,335.5,196.7,172.5,308.0,31.5,24.3,21.2,41.4,51.8,11.9,9.5,23.9,10.5,13.3,18.6,29.8,19.3,10.0,3.4,2.5,7.4,2.8,8.1,19.2,31.1,38.8,38.2,3.8,83.8,10.1,35.2,20.8
2018,male,3_middle,18.1,6.1,2.3,3.0,1.1,68.0,9.0,2.8,40.2,13.9,4.9,35.0,25.1,71.1,57.4,24.2,343.5,199.3,176.5,315.9,32.2,22.7,22.0,44.6,52.3,12.9,9.6,24.0,11.2,11.8,15.1,30.5,21.2,10.3,4.3,2.7,7.0,5.4,11.7,25.0,32.6,25.3,31.6,4.8,80.3,9.8,34.8,22.0
2018,male,1_high,24.2,10.7,5.2,6.1,2.4,72.2,15.0,5.1,49.1,20.3,9.9,48.6,33.0,74.1,47.1,17.3,422.7,165.8,236.8,289.3,32.3,18.7,23.6,42.7,58.0,14.1,9.9,25.1,12.3,10.7,16.2,33.5,21.3,8.8,2.9,1.6,6.0,16.0,28.0,30.6,17.9,7.6,20.5,7.2,75.6,10.1,36.6,22.3
2018,male,2_high,27.6,13.2,7.3,9.0,3.2,72.9,17.5,5.3,57.2,26.5,14.6,55.0,35.7,78.4,46.2,17.5,433.4,169.9,238.4,285.7,32.3,17.3,23.5,42.7,56.6,14.6,9.9,24.8,13.3,11.2,18.3,34.1,22.7,10.0,3.0,2.1,5.9,18.6,28.5,31.1,16.3,5.6,20.6,10.4,74.7,9.7,37.3,21.7
2018,male,3_hig,33.8,17.7,11.3,12.9,5.0,69.4,21.1,8.0,66.4,31.7,19.0,59.8,44.8,82.9,41.7,16.7,452.3,176.9,293.4,266.6,32.9,16.9,26.4,43.0,55.8,15.2,9.7,25.1,12.1,9.7,19.3,34.7,24.5,10.2,3.5,2.4,5.6,25.9,32.4,25.8,11.5,4.5,19.2,14.6,65.3,9.7,37.8,22.4
2018,male,middleschool,12.1,3.9,1.2,1.6,0.6,73.4,5.6,1.7,32.7,9.5,2.6,27.1,19.2,57.6,57.6,23.9,326.4,194.2,165.0,302.0,31.8,24.5,20.4,40.9,50.1,11.9,9.8,24.7,10.7,12.9,17.8,29.6,19.0,9.4,3.5,2.3,7.3,3.5,8.5,19.4,30.6,38.0,38.7,3.5,83.5,9.5,34.0,20.2
2018,male,highschool,28.9,14.1,8.2,9.6,3.6,71.1,18.1,6.2,58.2,26.6,14.8,55.7,39.1,79.7,44.8,17.1,437.2,171.3,258.3,279.7,32.5,17.6,24.6,42.8,56.7,14.7,9.8,25.0,12.6,10.5,18.0,34.1,22.9,9.7,3.2,2.1,5.8,20.5,29.8,28.9,15.0,5.8,20.0,11.0,71.5,9.8,37.3,22.1
2018,female,all,8.1,3.7,1.4,1.8,0.6,70.8,3.1,1.1,37.8,14.9,8.6,57.3,31.7,75.9,23.7,7.1,491.9,188.3,266.9,295.8,35.1,20.9,20.1,26.8,46.7,8.0,8.7,43.0,2.0,12.5,30.4,49.5,33.6,17.4,5.6,4.1,6.0,23.2,26.2,22.9,17.2,10.5,16.9,3.8,80.4,7.5,37.6,28.3
2018,female,1_middle,2.1,0.4,0.0,0.1,0.0,29.4,0.5,0.1,15.3,2.9,0.8,28.4,11.1,37.2,34.7,10.3,393.0,196.0,180.7,295.2,30.4,27.4,15.2,24.7,40.5,6.9,9.1,42.7,3.3,16.5,22.7,41.4,27.8,16.2,5.5,5.0,7.2,5.3,10.8,21.8,29.9,32.2,28.8,0.6,89.7,6.6,31.7,22.9
2018,female,2_middle,4.8,2.2,0.4,0.6,0.2,78.1,1.9,0.6,23.7,7.2,3.1,43.3,23.1,61.2,31.2,9.4,438.3,200.4,223.7,317.8,33.1,24.4,18.5,26.4,44.2,5.3,8.0,44.1,2.9,14.9,27.6,45.4,32.5,19.4,7.0,5.0,6.6,10.9,17.7,27.4,27.3,16.6,21.5,1.6,84.5,6.5,34.1,26.9
2018,female,3_middle,7.9,3.6,1.1,1.5,0.6,74.8,2.8,1.2,31.6,11.6,5.8,50.2,29.2,70.2,28.2,7.9,441.6,205.1,225.9,323.7,36.5,23.4,21.5,28.7,46.3,6.1,7.6,47.0,2.1,12.6,29.8,47.9,35.0,19.8,7.1,4.9,6.3,13.6,23.6,28.6,23.1,11.1,18.4,2.3,83.6,8.1,37.1,28.0
2018,female,1_high,8.5,4.4,1.6,1.9,0.6,68.9,3.4,1.1,38.2,15.7,9.0,57.1,31.4,73.5,17.4,4.5,543.0,182.3,292.1,301.5,35.7,19.2,19.8,26.7,49.9,8.6,8.8,44.7,1.4,10.5,33.7,52.0,32.3,16.4,4.9,4.0,5.5,31.6,32.7,22.3,10.6,2.9,11.5,3.6,77.8,8.2,39.5,29.8
2018,female,2_high,10.9,5.2,2.5,3.0,0.9,72.3,4.2,1.5,50.1,22.7,14.3,63.1,36.3,80.9,18.1,6,541.2,179.0,289.7,291.0,36.8,16.9,22.0,28.1,49.8,9.4,8.5,43.7,1.8,11.1,34.2,52.9,35.6,16.7,4.7,3.0,5.4,33.5,33.3,21.0,9.5,2.7,12.0,5.8,80.4,7.7,39.7,29.7
2018,female,3_hig,12.5,5.7,2.4,3.1,0.9,68.6,5.0,1.9,59.4,25.1,15.3,61.0,32.8,81.2,16.0,5.2,562.7,172.8,357.4,255.7,36.8,16.3,22.5,25.8,48.2,11.0,10.0,37.2,1.1,10.6,33.2,55.2,36.6,16.2,4.5,2.9,5.3,37.4,34.5,17.7,7.8,2.6,12.1,7.5,69.6,7.9,41.4,31.4
2018,female,middleschool,5.0,2.1,0.5,0.7,0.3,73.0,1.8,0.7,23.8,7.4,3.3,45.3,25.0,64.5,31.3,9.1,425.3,200.7,211.0,312.8,33.4,25.0,18.5,26.7,43.8,6.1,8.2,44.7,2.8,14.6,26.9,45.0,31.9,18.6,6.6,5.0,6.7,10.1,17.6,26.1,26.7,19.6,22.7,1.5,85.8,7.1,34.4,26.0
2018,female,highschool,10.8,5.1,2.2,2.7,0.8,69.9,4.3,1.5,50.0,21.5,13.1,60.9,33.7,79.3,17.1,5.3,549.7,177.6,315.6,281.0,36.5,17.3,21.5,26.8,49.3,9.8,9.2,41.6,1.4,10.7,33.7,53.5,35.0,16.4,4.7,3.2,5.4,34.4,33.5,20.1,9.2,2.7,11.9,5.7,75.6,7.9,40.3,30.4
2019,male,all,17.5,9.3,4.8,5.6,2.3,70.1,11.3,4.7,43.0,16.9,8.2,48.4,30.4,66.6,44.8,21.5,423.4,166.2,222.0,287.4,34.6,20.3,27.5,45.1,53.6,13.8,10.5,25.2,12.3,11.5,17.7,31.7,22.2,9.4,3.1,1.9,6.6,12.4,20.0,24.1,22.0,21.4,26.9,8.0,74.7,7.9,33.6,19.1
2019,male,1_middle,3.5,1.1,0.2,0.3,0.1,62.3,1.5,0.6,22.6,4.2,0.4,10.0,2.3,14.7,54.6,26.5,337.4,162.1,139.7,279.7,30.6,25.9,23.2,39.7,45.5,10.3,9.9,24.7,10.2,15.9,20.3,26.9,16.9,7.5,2.5,1.5,7.8,1.7,4.6,11.7,27.6,54.4,42.9,2.3,85.9,6.6,31.6,16.0
2019,male,2_middle,8.9,4.2,1.1,1.5,0.5,72.4,5.7,2.6,27.8,7.5,1.8,24.1,16.6,41.3,51.4,25.4,372.4,165.6,170.6,303.2,33.9,24.0,26.3,45.1,51.5,12.3,10.7,25.1,11.5,11.6,18.2,30.4,20.0,9.2,3.3,2.3,7.4,3.6,7.8,19.3,31.2,38.1,33.6,3.5,81.6,7.1,31.4,18.2
2019,male,3_middle,15.6,6.5,2.4,2.9,1.1,74.2,10.1,3.7,36.4,12.1,4.1,34.1,26.1,55.7,50.0,24.3,380.2,179.7,180.3,314.5,35.5,22.7,29.1,47.9,55.5,13.3,10.1,24.2,13.3,11.5,17.5,30.2,23.4,11.4,4.2,2.6,6.9,5.4,13.1,25.7,31.6,24.2,29.0,6.1,76.4,7.8,34.0,19.2
2019,male,1_high,20.2,11.1,5.1,6.2,2.7,72.6,13.8,5.7,47.7,19.5,9.7,49.8,31.0,70.1,39.8,19.3,465.7,159.0,245.3,286.7,35.5,18.0,26.9,45.0,55.7,15.1,10.9,24.9,13.8,10.4,15.6,32.8,22.9,8.7,2.6,1.8,6.0,16.6,27.6,29.3,18.4,8.1,19.6,8.1,73.0,8.9,35.4,20.6
2019,male,2_high,25.9,14.6,7.9,9.2,4.1,71.6,16.4,7.0,55.8,25.8,13.9,54.0,32.5,72.8,40.4,18.1,464.7,168.5,254.9,282.5,37.4,16.6,29.4,46.3,56.4,14.8,10.4,27.8,13.5,10.0,16.9,34.5,24.1,9.9,3.5,1.8,5.9,19.2,30.5,29.1,15.3,6.0,19.4,11.9,71.7,8.0,34.2,19.5
2019,male,3_hig,28.5,16.8,10.7,12.3,4.8,66.0,18.6,7.8,63.3,29.2,17.0,58.2,36.5,79.3,35.2,16.7,500.9,163.0,321.5,262.2,34.6,15.9,29.6,46.4,55.9,16.3,11.0,24.6,11.6,10.3,17.7,34.9,25.2,9.3,2.6,1.7,5.7,24.4,32.0,27.5,11.4,4.7,19.1,14.6,62.2,9.0,34.4,20.7
2019,male,middleschool,9.4,4.0,1.3,1.6,0.6,72.5,5.8,2.3,29.0,8.0,2.1,26.9,19.1,43.5,52.0,25.4,363.4,169.3,163.6,299.2,33.4,24.2,26.3,44.3,50.9,12.0,10.2,24.7,11.7,13.0,18.7,29.1,20.1,9.4,3.3,2.2,7.4,3.6,8.6,19.0,30.1,38.7,35.1,4.0,81.2,7.2,32.4,17.8
2019,male,highschool,24.9,14.2,8.0,9.3,3.9,69.5,16.3,6.9,55.8,25.0,13.6,54.7,33.7,74.9,38.4,18,477.9,163.4,275.5,276.6,35.8,16.8,28.6,45.9,56.0,15.4,10.8,25.7,12.9,10.2,16.8,34.1,24.1,9.3,2.9,1.7,5.8,20.2,30.1,28.6,14.9,6.2,19.4,11.6,68.8,8.6,34.7,20.3
2019,female,all,7.5,3.8,1.4,1.7,0.6,66.5,3.2,1.5,35.5,13.0,7.5,57.4,27.3,65.7,18.0,7.3,514.5,168.5,262.4,280.4,36.9,20.6,23.4,28.1,47.0,8.1,8.7,41.6,2.1,12.3,29.8,48.8,34.6,17.1,5.0,4.0,6.0,22.3,25.0,23.4,17.7,11.6,15.4,3.6,79.2,6.4,37.1,26.1
2019,female,1_middle,1.9,0.8,0.0,0.1,0.0,62.8,0.6,0.2,15.9,3.6,1.0,28.0,8.4,23.7,28.0,10.7,419.2,166.8,161.7,287.2,32.9,25.5,20.5,27.6,43.2,5.8,9.3,40.2,3.3,17.0,25.5,42.7,30.0,17.6,5.7,5.1,7.2,5.5,9.4,20.1,31.5,33.5,25.0,1.1,87.7,5.0,32.2,22.7
2019,female,2_middle,5.1,2.6,0.7,1.1,0.4,72.7,2.1,1.3,23.3,7.3,3.2,43.5,22.0,51.2,22.1,8.1,455.3,174.4,208.0,294.4,36.9,23.1,24.4,28.7,46.0,5.7,7.6,42.8,2.6,13.9,26.7,47.6,36.0,19.1,5.6,5.0,6.6,9.2,18.0,27.6,28.0,17.2,17.8,1.8,83.7,6.4,35.2,24.5
2019,female,3_middle,7.2,3.5,0.9,1.3,0.6,67.7,2.7,1.2,30.2,10.3,5.3,51.4,27.5,60.2,21.0,8,473.9,180.6,221.4,306.6,38.2,22.9,23.9,27.8,44.7,6.7,6.7,45.3,2.2,12.7,29.9,47.3,36.2,20.7,6.4,5.2,6.3,13.2,22.5,30.9,22.7,10.7,15.4,2.2,83.5,6.5,37.5,26.5
2019,female,1_high,9.0,5.3,2.0,2.3,1.1,69.2,4.3,2.0,37.2,14.6,8.7,59.9,31.4,66.2,12.5,5.7,561.6,165.9,290.6,277.7,36.5,18.8,24.2,27.6,50.7,7.6,8.6,42.6,1.5,10.5,31.3,49.4,33.6,16.0,4.9,3.4,5.4,33.0,31.7,21.8,9.9,3.6,10.3,3.8,77.0,6.4,39.3,28.1
2019,female,2_high,10.4,5.0,1.8,2.3,0.8,71.1,4.8,1.9,47.3,19.6,11.7,59.8,26.2,67.6,13.4,6.2,569.8,166.0,309.1,272.4,39.8,16.7,23.9,28.8,48.8,10.8,8.4,43.8,1.5,9.5,32.3,52.8,35.3,16.0,4.1,3.1,5.4,33.6,32.7,21.3,8.8,3.6,12.1,4.8,78.0,6.7,39.0,26.6
2019,female,3_hig,10.7,5.4,2.6,3.0,0.9,57.6,4.5,2.3,55.4,21.0,13.6,65.0,30.0,78.4,12.6,5.6,589.7,158.9,364.5,248.9,37.0,17.4,23.5,28.1,48.3,11.8,11.3,35.8,1.5,10.9,32.9,52.3,36.5,14.0,3.2,2.7,5.3,36.1,33.5,19.3,8.0,3.1,12.9,7.2,67.4,7.1,38.7,27.8
2019,female,middleschool,4.8,2.3,0.6,0.8,0.3,68.9,1.8,0.9,23.2,7.1,3.2,44.8,22.5,51.0,23.7,8.9,449.7,174.0,197.1,296.2,36.0,23.8,22.9,28.0,44.7,6.1,7.9,42.8,2.7,14.5,27.4,45.9,34.1,19.2,5.9,5.1,6.7,9.4,16.7,26.3,27.3,20.3,19.4,1.7,85.0,5.9,35.0,24.6
2019,female,highschool,10.0,5.2,2.2,2.6,0.9,65.5,4.5,2.1,46.9,18.4,11.4,61.9,29.1,71.5,12.8,5.8,574.2,163.5,322.8,265.8,37.7,17.6,23.9,28.2,49.2,10.1,9.5,40.6,1.5,10.3,32.1,51.5,35.1,15.3,4.1,3.0,5.4,34.3,32.6,20.8,8.9,3.4,11.8,5.3,73.9,6.7,39.0,27.5
2020,male,all,13.9,6.0,3.4,4.0,1.6,69.6,8.8,2.7,37.5,12.1,5.6,46.2,26.2,64.1,37.8,19.9,389.4,227.3,202.8,325.3,35.5,19.1,27.0,42.4,50.1,15.6,11.5,27.4,12.5,11.7,19.0,28.1,20.1,8.1,2.8,1.4,6.5,14.0,20.7,23.8,21.5,20.1,34.7,5.8,69.8,6.8,34.2,20.1
2020,male,1_middle,2.3,0.8,0.1,0.2,0.1,74.9,1.4,0.5,20.9,4.2,0.3,7.8,3.7,19.6,42.7,22.9,346.6,227.9,138.3,324.6,31.8,22.9,20.7,37.9,43.6,15.2,13.4,29.4,9.6,14.6,22.2,24.6,16.2,6.5,2.5,1.3,7.6,3.8,7.2,15.2,26.1,47.6,48.7,1.5,76.4,5.2,30.7,17.8
2020,male,2_middle,5.7,1.5,0.4,0.7,0.3,75.5,3.4,0.9,24.6,5.1,1.0,19.9,7.5,23.4,39.4,21,354.7,241.0,150.4,344.8,34.1,22.9,26.8,42.9,47.0,15.4,11.6,27.1,11.4,12.2,19.7,24.3,18.0,8.1,3.2,1.4,7.1,5.5,11.3,20.8,30.3,32.2,41.0,2.0,74.1,5.4,31.2,18.2
2020,male,3_middle,12.0,3.7,1.9,2.3,0.8,74.8,7.7,1.9,30.3,8.3,3.1,37.6,18.2,43.7,40.0,22.3,349.9,237.0,165.8,340.6,34.7,20.2,27.5,42.4,48.8,14.7,11.8,27.1,13.8,11.1,17.9,26.0,19.7,7.7,2.7,1.1,6.8,6.9,15.8,24.7,30.2,22.4,35.8,3.4,73.8,6.9,34.5,20.5
2020,male,1_high,17.9,6.9,3.6,4.2,1.9,72.8,11.4,3.4,39.8,12.7,5.9,46.6,27.3,65.2,35.7,17.4,418.4,218.4,223.4,323.9,36.7,17.1,28.3,43.9,51.9,16.4,10.5,27.1,13.5,9.9,16.7,27.6,19.7,7.5,2.4,1.1,6.0,18.4,26.7,30.1,17.1,7.7,28.7,5.8,65.0,7.4,35.6,20.8
2020,male,2_high,20.8,10.0,5.8,7.0,2.9,71.9,14.0,4.1,49.8,18.2,9.7,53.1,31.7,79.2,36.3,19,416.1,227.4,238.0,323.8,37.8,16.5,29.6,44.5,54.3,15.3,11.2,27.7,13.9,11.5,17.3,30.2,22.5,9.4,2.9,1.5,5.8,22.5,29.2,28.1,14.4,5.7,28.7,9.0,66.7,7.3,35.8,21.4
2020,male,3_hig,24.5,13.3,8.5,9.7,3.9,63.8,15.2,5.1,59.2,24.0,13.4,55.9,31.9,80.7,32.6,16.9,448.3,213.6,299.9,295.9,37.7,15.3,29.7,43.2,55.0,16.5,10.7,25.8,12.8,10.6,19.9,35.7,24.6,9.4,3.0,1.6,5.6,25.6,32.8,24.5,12.3,4.8,25.0,12.9,62.9,8.6,37.5,21.6
2020,male,middleschool,6.5,1.9,0.8,1.0,0.4,75.0,4.0,1.1,25.1,5.8,1.4,24.7,11.3,31.7,40.8,22.1,350.3,235.0,150.9,336.2,33.4,22.0,24.8,41.0,46.3,15.1,12.3,27.9,11.5,12.7,20.0,24.9,17.8,7.4,2.8,1.3,7.2,5.3,11.2,19.9,28.7,34.9,42.1,2.2,74.8,5.8,32.1,18.8
2020,male,highschool,21.1,10.1,6.0,7.0,2.9,68.6,13.5,4.2,49.6,18.3,9.7,52.8,30.8,76.5,34.8,17.8,427.5,219.8,253.5,314.7,37.4,16.3,29.2,43.9,53.7,16.1,10.8,26.9,13.4,10.7,17.9,31.1,22.2,8.8,2.7,1.4,5.8,22.2,29.6,27.6,14.6,6.0,27.5,9.2,64.9,7.8,36.3,21.3
2020,female,all,6.3,2.7,1.2,1.4,0.5,69.1,3.2,1.1,29.1,9.1,4.8,52.9,21.8,62.4,16.5,7.7,445.5,232.3,224.3,324.0,39.2,18.1,23.6,28.0,41.2,8.4,8.7,42.3,2.5,12.2,28.6,40.7,30.7,13.9,4.4,2.7,5.9,25.6,24.2,22.2,15.9,12.0,25.6,3.3,72.1,5.6,35.4,26.7
2020,female,1_middle,1.6,0.7,0.1,0.2,0.0,80.0,0.8,0.3,12.8,3.0,0.7,21.4,7.0,14.2,22.9,10.6,395.4,231.6,160.9,327.1,34.3,22.6,18.3,26.2,34.0,6.4,8.8,43.9,3.5,16.3,27.0,32.9,24.7,11.4,4.4,2.7,6.9,10.1,13.3,21.4,24.4,30.8,33.0,0.9,77.5,4.1,28.0,23.5
2020,female,2_middle,4.0,1.6,0.4,0.6,0.2,75.1,2.1,0.7,18.3,4.8,1.7,35.3,14.4,38.7,19.8,9.6,416.4,238.4,176.5,340.7,38.8,20.8,23.2,27.1,39.2,5.3,8.2,45.2,2.8,13.4,28.3,37.1,29.5,13.8,4.4,2.4,6.4,14.7,19.5,25.5,23.8,16.6,27.8,1.3,75.4,5.1,32.8,25.9
2020,female,3_middle,5.9,2.3,0.8,1.0,0.3,70.1,3.2,1.1,24.9,7.4,3.5,47.8,20.8,65.1,18.4,8.6,407.7,248.1,184.0,347.4,40.5,19.7,24.4,28.8,40.2,7.6,7.5,45.7,2.3,12.3,27.1,39.0,31.5,14.9,5.1,3.2,6.2,17.9,23.4,26.1,20.0,12.5,25.1,1.9,75.4,5.7,35.6,25.6
2020,female,1_high,7.4,2.6,1.3,1.4,0.6,70.4,3.8,1.2,31.3,9.0,4.9,54.1,22.6,63.9,11.8,5.4,478.0,225.6,243.9,323.8,40.3,15.6,25.2,28.3,43.9,7.9,7.7,39.7,2.3,11.1,30.0,40.8,31.5,13.6,3.5,2.2,5.4,34.9,28.5,21.6,10.5,4.4,21.3,2.9,65.3,5.8,37.2,27.7
2020,female,2_high,9.1,4.2,2.2,2.5,0.8,72.4,4.6,1.6,39.6,13.2,7.6,57.5,25.2,76.5,13.0,6.3,473.6,228.4,266.4,310.5,41.2,15.1,25.5,28.8,44.7,10.0,9.4,42.7,2.0,10.0,28.7,45.9,33.7,15.4,4.8,3.2,5.3,37.0,30.0,20.4,9.0,3.6,23.4,5.6,72.0,6.3,38.7,28.6
2020,female,3_hig,10.0,4.6,2.5,2.7,1.0,60.8,5.1,1.6,48.6,17.5,10.8,61.7,24.1,71.0,12.6,5.9,502.8,223.0,315.6,295.8,40.6,14.8,25.3,28.8,46.1,13.0,10.4,36.7,1.9,9.9,30.7,48.9,34.0,14.5,4.3,2.8,5.3,38.5,31.1,19.2,8.2,2.9,22.2,7.0,66.7,7.1,41.1,29.3
2020,female,middleschool,3.7,1.5,0.4,0.5,0.2,73.6,1.9,0.7,18.4,5.0,1.9,38.0,15.7,42.8,20.5,9.6,406.1,239.0,173.2,337.9,37.7,21.1,21.8,27.3,37.6,6.4,8.2,44.9,2.9,14.1,27.5,36.2,28.4,13.3,4.6,2.8,6.5,13.9,18.3,24.2,22.9,20.7,28.9,1.3,76.2,4.9,31.9,24.9
2020,female,highschool,8.8,3.8,2.0,2.2,0.8,67.3,4.5,1.5,39.8,13.2,7.7,58.5,24.1,70.8,12.5,5.9,484.6,225.7,274.9,310.2,40.7,15.2,25.4,28.7,44.9,10.3,9.2,39.7,2.1,10.4,29.8,45.2,33.0,14.5,4.2,2.7,5.3,36.8,29.9,20.4,9.3,3.6,22.3,5.2,68.0,6.4,39.0,28.5
2021,male,all,13.1,6.0,3.3,3.9,1.7,68.3,9.8,3.7,37.6,12.4,5.3,42.5,25.9,69.4,40.8,20.7,423.5,209.1,218.1,323.7,37.0,18.4,28.1,42.4,52.1,17.5,11.5,27.2,11.7,11.9,17.2,32.3,22.4,9.5,3.2,1.5,6.4,13.2,21.9,25.8,21.9,17.2,27.8,6.6,66.6,6.4,34.5,19.3
2021,male,1_middle,3.1,0.9,0.1,0.2,0.1,79.3,2.1,0.8,20.9,3.6,0.3,9.5,6.4,16.2,46.4,23.7,373.5,212.5,148.4,332.8,33.5,22.6,23.1,36.4,42.7,15.6,13.2,28.6,9.4,14.7,20.9,31.3,19.3,9.3,3.0,1.5,7.5,3.1,7.4,17.6,30.9,40.9,40.3,1.7,81.1,5.6,30.4,17.7
2021,male,2_middle,5.1,1.9,0.5,0.6,0.4,70.1,3.5,1.5,26.1,5.8,1.2,19.9,11.1,40.0,45.2,23.4,397.8,206.1,179.3,337.2,36.2,21.3,26.6,40.9,48.6,17.1,12.5,27.4,11.1,13.2,19.0,31.0,21.9,10.5,3.8,1.8,7.0,5.8,12.9,24.0,30.0,27.4,33.8,2.2,72.2,5.2,32.1,18.0
2021,male,3_middle,9.4,3.5,1.7,2.1,0.9,73.1,7.0,2.4,31.8,9.3,3.0,32.0,17.9,58.3,45.8,23.7,406.0,214.7,188.6,339.4,37.3,21.8,28.6,43.6,51.1,17.6,11.5,26.5,13.9,11.7,16.9,32.3,24.2,10.2,3.5,1.6,6.6,8.1,18.2,29.0,27.0,17.7,27.3,4.5,71.7,6.3,34.0,18.1
2021,male,1_high,16.4,7.3,3.7,4.5,2.0,73.2,12.7,4.9,40.3,14.3,6.3,43.8,27.1,74.1,36.0,16.7,471.8,201.7,247.1,327.4,36.2,15.0,28.6,43.1,57.1,18.5,9.5,26.8,13.8,9.7,13.8,32.4,21.8,8.3,3.1,1.4,5.9,19.0,29.9,28.3,17.1,5.7,20.2,6.6,62.7,6.8,35.6,19.7
2021,male,2_high,22.0,10.1,6.0,7.1,2.9,69.9,17.1,6.1,51.2,19.2,9.3,48.5,30.9,78.3,37.6,19,461.5,200.7,251.9,308.5,39.0,15.2,28.5,44.6,55.7,17.6,11.4,29.9,12.1,10.7,16.2,32.1,23.8,9.3,2.8,1.3,5.8,21.9,30.8,28.9,12.7,5.8,21.2,11.3,60.0,7.1,37.8,21.2
2021,male,3_hig,23.5,12.6,7.9,9.1,4.1,62.1,16.7,6.8,56.1,22.7,11.9,52.2,31.2,82.3,33.3,17.3,435.5,218.7,296.9,297.0,39.8,14.2,33.1,45.8,57.7,18.8,10.8,23.9,10.1,11.2,16.3,34.9,23.7,9.3,3.0,1.5,5.7,21.9,32.9,27.7,13.4,4.1,23.3,13.5,51.7,7.4,37.1,21.3
2021,male,middleschool,5.8,2.1,0.8,1.0,0.5,73.1,4.2,1.6,26.2,6.2,1.5,23.6,13.4,41.5,45.8,23.6,392.3,211.0,172.0,336.4,35.7,21.9,26.1,40.3,47.4,16.8,12.4,27.5,11.4,13.2,19.0,31.5,21.7,10.0,3.4,1.6,7.0,5.6,12.8,23.5,29.3,28.8,33.9,2.8,75.0,5.7,32.2,17.9
2021,male,highschool,20.7,10.0,5.9,6.9,3.0,67.3,15.5,6.0,49.4,18.8,9.2,48.9,30.1,79.0,35.6,17.7,455.8,207.2,265.8,310.6,38.4,14.8,30.2,44.5,56.8,18.3,10.6,26.9,12.0,10.6,15.5,33.2,23.1,9.0,2.9,1.4,5.8,21.0,31.2,28.3,14.3,5.2,21.6,10.6,58.0,7.1,36.9,20.7
2021,female,all,6.4,2.9,1.3,1.5,0.6,66.9,4.2,1.9,27.8,8.9,4.4,49.8,22.3,74.8,18.4,8.1,496.7,209.8,252.9,307.7,39.1,17.8,24.1,25.9,44.3,9.1,8.2,40.4,2.3,12.8,26.7,45.6,31.4,16.1,4.9,2.9,5.9,24.3,26.4,24.2,15.6,9.4,17.6,4.0,69.1,5.1,36.4,25.8
2021,female,1_middle,1.8,0.7,0.1,0.1,0.1,79.1,0.9,0.4,12.8,3.1,0.7,23.2,9.0,35.0,25.1,11.3,462.2,214.2,174.4,328.9,33.5,22.0,20.2,23.4,36.3,7.1,9.0,40.4,2.8,16.3,22.6,39.1,28.5,16.4,5.7,3.5,6.8,10.1,16.0,24.3,26.0,23.6,24.2,1.1,82.8,3.7,30.9,22.4
2021,female,2_middle,3.4,1.7,0.6,0.7,0.3,65.4,2.4,1.3,17.6,5.0,1.9,37.3,21.5,65.5,24.3,9.9,475.2,209.3,213.2,319.2,37.6,19.9,20.9,24.2,39.7,7.3,7.6,41.3,2.8,14.6,25.3,41.3,30.4,17.1,5.1,3.2,6.3,15.0,21.3,26.8,22.9,13.9,19.9,1.7,71.3,4.9,34.0,24.6
2021,female,3_middle,5.7,2.5,0.9,0.9,0.5,71.0,3.5,1.6,23.7,7.2,3.4,47.2,21.8,65.8,21.5,9,482.3,209.8,225.0,323.1,38.5,19.4,25.4,25.2,41.8,6.8,7.2,43.8,2.2,12.7,26.1,44.4,32.3,17.1,5.5,2.7,6.0,20.2,26.9,27.6,17.2,8.1,17.1,3.0,73.1,5.5,37.2,26.0
2021,female,1_high,7.8,3.4,1.6,1.9,0.7,65.2,4.9,2.1,30.6,9.8,5.0,51.2,18.5,78.1,13.7,5.8,535.9,202.1,289.2,300.2,40.7,16.1,24.9,26.7,49.4,10.1,7.5,42.2,2.0,11.1,28.4,47.5,32.0,15.5,4.5,2.7,5.4,35.7,29.7,21.6,9.2,3.9,13.4,4.7,68.6,4.9,37.6,26.5
2021,female,2_high,9.9,4.4,2.1,2.5,0.9,66.7,6.3,2.7,38.5,13.4,7.7,57.4,24.7,82.9,13.6,6.8,539.1,203.2,299.2,287.9,43.3,13.8,25.6,27.1,49.7,11.3,7.3,42.7,2.1,11.1,27.8,48.8,32.0,15.3,4.4,2.5,5.3,35.6,33.0,20.4,8.4,2.6,13.3,6.4,63.7,5.6,39.6,27.8
2021,female,3_hig,10.3,4.6,2.6,3.1,1.1,64.7,7.3,3.4,45.0,15.6,8.3,53.3,25.8,80.3,11.2,5.5,490.2,219.7,322.8,285.1,41.4,15.1,28.2,29.2,49.9,12.5,10.4,32.1,1.9,11.0,30.6,53.3,33.6,15.1,4.2,3.0,5.4,31.5,32.7,24.3,8.5,3.0,17.3,7.6,54.7,6.0,39.6,27.8
2021,female,middleschool,3.6,1.6,0.5,0.6,0.3,70.2,2.2,1.1,17.9,5.0,2.0,38.9,19.1,60.1,23.7,10.1,473.1,211.1,204.0,323.7,36.5,20.4,22.1,24.3,39.2,7.1,7.9,41.8,2.6,14.5,24.7,41.5,30.4,16.9,5.4,3.1,6.4,15.0,21.3,26.2,22.2,15.4,20.4,1.9,75.7,4.7,34.0,24.3
2021,female,highschool,9.4,4.2,2.1,2.5,0.9,65.6,6.2,2.8,38.2,13.0,7.1,54.2,23.6,80.8,12.8,6,521.3,208.5,304.1,290.9,41.8,14.9,26.3,27.7,49.7,11.3,8.4,38.9,2.0,11.1,28.9,49.9,32.5,15.3,4.4,2.7,5.4,34.2,31.8,22.1,8.7,3.1,14.7,6.2,62.2,5.5,38.9,27.4
